{"num_wires": 8, "num_outputs": 1, "num_layers": 2, "encoding": "angle", "reuploading": false, "hadamard": false, "gate_used": "Y", "name_ansatz": "strongly", "results": {"fold_0": {"accuracy": 0.5324675324675324, "f1": 0.47058823529411764, "roc_auc": 0.5462962962962963, "precision": 0.3902439024390244, "recall": 0.5925925925925926, "confusion_matrix": [[50, 50], [22, 32]]}, "fold_1": {"accuracy": 0.525974025974026, "f1": 0.39669421487603307, "roc_auc": 0.5072222222222222, "precision": 0.3582089552238806, "recall": 0.4444444444444444, "confusion_matrix": [[57, 43], [30, 24]]}, "fold_2": {"accuracy": 0.4805194805194805, "f1": 0.375, "roc_auc": 0.4722222222222222, "precision": 0.32432432432432434, "recall": 0.4444444444444444, "confusion_matrix": [[50, 50], [30, 24]]}, "fold_3": {"accuracy": 0.5098039215686274, "f1": 0.3902439024390244, "roc_auc": 0.49641509433962266, "precision": 0.34285714285714286, "recall": 0.4528301886792453, "confusion_matrix": [[54, 46], [29, 24]]}, "fold_4": {"accuracy": 0.5359477124183006, "f1": 0.4496124031007752, "roc_auc": 0.5385849056603773, "precision": 0.3815789473684211, "recall": 0.5471698113207547, "confusion_matrix": [[53, 47], [24, 29]]}}}